{"cameraMode":{"drawMode":0,"name":"Shaded","section":"Shading Mode"},"sceneLighting":true,"audioPlay":false,"sceneViewState":{"m_AlwaysRefresh":false,"showFog":true,"showSkybox":true,"showFlares":true,"showImageEffects":true,"showParticleSystems":true,"showVisualEffectGraphs":true,"m_FxEnabled":true},"in2DMode":false,"pivot":{"x":417.7169494628906,"y":190.3160400390625,"z":732.0112915039063},"rotation":{"x":0.07193433493375778,"y":0.010472336784005165,"z":-0.0007554924814030528,"w":0.9973538517951965},"size":391.04107666015627,"orthographic":true}