{"cameraMode":{"drawMode":0,"name":"Shaded","section":"Shading Mode"},"sceneLighting":true,"audioPlay":false,"sceneViewState":{"m_AlwaysRefresh":false,"showFog":true,"showSkybox":true,"showFlares":true,"showImageEffects":true,"showParticleSystems":true,"showVisualEffectGraphs":true,"m_FxEnabled":true},"in2DMode":false,"pivot":{"x":630.5216674804688,"y":260.51885986328127,"z":26.901487350463868},"rotation":{"x":-0.0029999949038028719,"y":-0.00150002702139318,"z":-0.000004500283921515802,"w":0.999994158744812},"size":239.3111572265625,"orthographic":false}